{
  "ForageSpawnEnabled": true,
  "LargeObjectSpawnEnabled": false,
  "OreSpawnEnabled": true,
  "MonsterSpawnEnabled": false,
  "Forage_Spawn_Settings": {
    "Areas": [
      {
        "SpringItemIndex": [
          634,
          635,
          636,
          637,
          638
        ],
        "SummerItemIndex": [
          634,
          635,
          636,
          637,
          638
        ],
        "FallItemIndex": [
          634,
          635,
          636,
          637,
          638
        ],
        "WinterItemIndex": [
          634,
          635,
          636,
          637,
          638
        ],
        "UniqueAreaID": "FC green fruit forage",
        "MapName": "FarmCave",
        "MinimumSpawnsPerDay": 1,
        "MaximumSpawnsPerDay": 2,
        "IncludeTerrainTypes": [],
        "ExcludeTerrainTypes": [],
        "IncludeCoordinates": [
          "15,3/24,13",
          "25,7/29,10"
        ],
        "ExcludeCoordinates": [
          "18,7/22,11"
        ],
        "StrictTileChecking": "Maximum",
        "SpawnTiming": {
          "StartTime": 600,
          "EndTime": 600,
          "MinimumTimeBetweenSpawns": 10,
          "MaximumSimultaneousSpawns": null,
          "OnlySpawnIfAPlayerIsPresent": false,
          "SpawnSound": ""
        },
        "ExtraConditions": {
          "Years": [],
          "Seasons": [],
          "Days": [],
          "WeatherYesterday": [],
          "WeatherToday": [],
          "WeatherTomorrow": [],
          "GameStateQueries": [
            "LOCATION_HAS_CUSTOM_FIELD FarmCave crystalinerose.FarmCaves/FarmCaveType Green"
          ],
          "CPConditions": {
            "HasMod |contains=crystalinerose.FarmCaves": "true"
          },
          "EPUPreconditions": [],
          "LimitedNumberOfSpawns": null
        },
        "DaysUntilSpawnsExpire": null
      },
      {
        "SpringItemIndex": [
          393,
          397,
          152,
          372
        ],
        "SummerItemIndex": [
          393,
          397,
          152,
          372,
          394,
          717
        ],
        "FallItemIndex": [
          393,
          397,
          152,
          372
        ],
        "WinterItemIndex": [
          393,
          397,
          152,
          372,
          392
        ],
        "UniqueAreaID": "FC Cove beach forage",
        "MapName": "FarmCave",
        "MinimumSpawnsPerDay": 2,
        "MaximumSpawnsPerDay": 4,
        "IncludeTerrainTypes": [],
        "ExcludeTerrainTypes": [],
        "IncludeCoordinates": [
          "13,3/30,13"
        ],
        "ExcludeCoordinates": [],
        "StrictTileChecking": "Maximum",
        "SpawnTiming": {
          "StartTime": 600,
          "EndTime": 600,
          "MinimumTimeBetweenSpawns": 10,
          "MaximumSimultaneousSpawns": null,
          "OnlySpawnIfAPlayerIsPresent": false,
          "SpawnSound": ""
        },
        "ExtraConditions": {
          "Years": [],
          "Seasons": [],
          "Days": [],
          "WeatherYesterday": [],
          "WeatherToday": [],
          "WeatherTomorrow": [],
          "GameStateQueries": [
            "LOCATION_HAS_CUSTOM_FIELD FarmCave crystalinerose.FarmCaves/FarmCaveType Cove"
          ],
          "CPConditions": {
            "HasMod |contains=crystalinerose.FarmCaves": "true"
          },
          "EPUPreconditions": [],
          "LimitedNumberOfSpawns": null
        },
        "DaysUntilSpawnsExpire": null
      }
    ],
    "PercentExtraSpawnsPerForagingLevel": 0,
    "SpringItemIndex": [
      393,
      397,
      152,
      372
    ],
    "SummerItemIndex": [
      393,
      397,
      152,
      372,
      394
    ],
    "FallItemIndex": [
      393,
      397,
      152,
      372
    ],
    "WinterItemIndex": [
      393,
      397,
      152,
      372,
      392
    ],
    "CustomTileIndex": []
  },
  "Large_Object_Spawn_Settings": {
    "Areas": [
      {
        "ObjectTypes": [
          "Stump"
        ],
        "FindExistingObjectLocations": true,
        "PercentExtraSpawnsPerSkillLevel": 0,
        "RelatedSkill": "Foraging",
        "UniqueAreaID": "Farm large object area 1",
        "MapName": "Farm",
        "MinimumSpawnsPerDay": 999,
        "MaximumSpawnsPerDay": 999,
        "IncludeTerrainTypes": [],
        "ExcludeTerrainTypes": [],
        "IncludeCoordinates": [],
        "ExcludeCoordinates": [],
        "StrictTileChecking": "Maximum",
        "SpawnTiming": {
          "StartTime": 600,
          "EndTime": 600,
          "MinimumTimeBetweenSpawns": 10,
          "MaximumSimultaneousSpawns": null,
          "OnlySpawnIfAPlayerIsPresent": false,
          "SpawnSound": ""
        },
        "ExtraConditions": {
          "Years": [],
          "Seasons": [],
          "Days": [],
          "WeatherYesterday": [],
          "WeatherToday": [],
          "WeatherTomorrow": [],
          "GameStateQueries": [],
          "CPConditions": {},
          "EPUPreconditions": [],
          "LimitedNumberOfSpawns": null
        },
        "DaysUntilSpawnsExpire": null
      }
    ],
    "CustomTileIndex": []
  },
  "Ore_Spawn_Settings": {
    "Areas": [
      {
        "MiningLevelRequired": null,
        "StartingSpawnChance": null,
        "LevelTenSpawnChance": null,
        "UniqueAreaID": "FC Quarry ores",
        "MapName": "FarmCave",
        "MinimumSpawnsPerDay": 2,
        "MaximumSpawnsPerDay": 4,
        "IncludeTerrainTypes": [],
        "ExcludeTerrainTypes": [],
        "IncludeCoordinates": [
          "17,8/22,10",
          "19,11/24,13",
          "19,7/20,7",
          "22,14/24,14"
        ],
        "ExcludeCoordinates": [],
        "StrictTileChecking": "Maximum",
        "SpawnTiming": {
          "StartTime": 600,
          "EndTime": 600,
          "MinimumTimeBetweenSpawns": 10,
          "MaximumSimultaneousSpawns": null,
          "OnlySpawnIfAPlayerIsPresent": false,
          "SpawnSound": ""
        },
        "ExtraConditions": {
          "Years": [],
          "Seasons": [],
          "Days": [],
          "WeatherYesterday": [],
          "WeatherToday": [],
          "WeatherTomorrow": [],
          "GameStateQueries": [
            "LOCATION_HAS_CUSTOM_FIELD FarmCave crystalinerose.FarmCaves/FarmCaveType Quarry"
          ],
          "CPConditions": {
            "HasMod |contains=crystalinerose.FarmCaves": "true"
          },
          "EPUPreconditions": [],
          "LimitedNumberOfSpawns": null
        },
        "DaysUntilSpawnsExpire": null
      }
    ],
    "PercentExtraSpawnsPerMiningLevel": 5,
    "MiningLevelRequired": {
      "Stone": 0,
      "Geode": 0,
      "FrozenGeode": 5,
      "MagmaGeode": 8,
      "OmniGeode": 0,
      "Gem": 6,
      "Copper": 0,
      "Iron": 4,
      "Gold": 7,
      "Iridium": 9,
      "Mystic": 10,
      "Radioactive": 0,
      "Diamond": 6,
      "Ruby": 6,
      "Jade": 6,
      "Amethyst": 6,
      "Topaz": 6,
      "Emerald": 6,
      "Aquamarine": 6,
      "Mussel": 0,
      "Fossil": 0,
      "Clay": 0,
      "CinderShard": 0,
      "Coal": 0
    },
    "StartingSpawnChance": {
      "Stone": 66,
      "Geode": 8,
      "FrozenGeode": 4,
      "MagmaGeode": 2,
      "OmniGeode": 0,
      "Gem": 5,
      "Copper": 21,
      "Iron": 15,
      "Gold": 10,
      "Iridium": 1,
      "Mystic": 1,
      "Radioactive": 0,
      "Diamond": 0,
      "Ruby": 0,
      "Jade": 0,
      "Amethyst": 0,
      "Topaz": 0,
      "Emerald": 0,
      "Aquamarine": 0,
      "Mussel": 0,
      "Fossil": 0,
      "Clay": 0,
      "CinderShard": 0,
      "Coal": 0
    },
    "LevelTenSpawnChance": {
      "Stone": 48,
      "Geode": 2,
      "FrozenGeode": 2,
      "MagmaGeode": 2,
      "OmniGeode": 0,
      "Gem": 5,
      "Copper": 16,
      "Iron": 13,
      "Gold": 10,
      "Iridium": 1,
      "Mystic": 1,
      "Radioactive": 0,
      "Diamond": 0,
      "Ruby": 0,
      "Jade": 0,
      "Amethyst": 0,
      "Topaz": 0,
      "Emerald": 0,
      "Aquamarine": 0,
      "Mussel": 0,
      "Fossil": 0,
      "Clay": 0,
      "CinderShard": 0,
      "Coal": 0
    },
    "CustomTileIndex": []
  },
  "Monster_Spawn_Settings": {
    "Areas": [
      {
        "MonsterTypes": [
          {
            "MonsterName": "shadow brute",
            "Settings": {
              "RelatedSkill": "Combat",
              "MinimumSkillLevel": 8
            }
          },
          {
            "MonsterName": "wilderness golem",
            "Settings": {
              "SpawnWeight": 4
            }
          },
          {
            "MonsterName": "purple slime",
            "Settings": {
              "RelatedSkill": "Combat",
              "MinimumSkillLevel": 10,
              "SpawnWeight": 2
            }
          },
          {
            "MonsterName": "red slime",
            "Settings": {
              "RelatedSkill": "Combat",
              "MinimumSkillLevel": 8,
              "MaximumSkillLevel": 9,
              "SpawnWeight": 2
            }
          },
          {
            "MonsterName": "blue slime",
            "Settings": {
              "RelatedSkill": "Combat",
              "MinimumSkillLevel": 4,
              "MaximumSkillLevel": 7,
              "SpawnWeight": 2
            }
          },
          {
            "MonsterName": "green slime",
            "Settings": {
              "RelatedSkill": "Combat",
              "MaximumSkillLevel": 3,
              "SpawnWeight": 2
            }
          }
        ],
        "UniqueAreaID": "Farm monster area 1",
        "MapName": "Farm",
        "MinimumSpawnsPerDay": 5,
        "MaximumSpawnsPerDay": 8,
        "IncludeTerrainTypes": [
          "Diggable",
          "Dirt",
          "Grass"
        ],
        "ExcludeTerrainTypes": [],
        "IncludeCoordinates": [],
        "ExcludeCoordinates": [],
        "StrictTileChecking": "Maximum",
        "SpawnTiming": {
          "StartTime": 1900,
          "EndTime": 2550,
          "MinimumTimeBetweenSpawns": 10,
          "MaximumSimultaneousSpawns": 1,
          "OnlySpawnIfAPlayerIsPresent": true,
          "SpawnSound": ""
        },
        "ExtraConditions": {
          "Years": [],
          "Seasons": [],
          "Days": [],
          "WeatherYesterday": [],
          "WeatherToday": [],
          "WeatherTomorrow": [],
          "GameStateQueries": [],
          "CPConditions": {},
          "EPUPreconditions": [],
          "LimitedNumberOfSpawns": null
        },
        "DaysUntilSpawnsExpire": null
      },
      {
        "MonsterTypes": [
          {
            "MonsterName": "iridium bat",
            "Settings": {
              "RelatedSkill": "Combat",
              "MinimumSkillLevel": 10,
              "SpawnWeight": 4
            }
          },
          {
            "MonsterName": "serpent",
            "Settings": {
              "RelatedSkill": "Combat",
              "MinimumSkillLevel": 10,
              "SpawnWeight": 3
            }
          },
          {
            "MonsterName": "lava bat",
            "Settings": {
              "RelatedSkill": "Combat",
              "MinimumSkillLevel": 8,
              "SpawnWeight": 4
            }
          },
          {
            "MonsterName": "frost bat",
            "Settings": {
              "RelatedSkill": "Combat",
              "MinimumSkillLevel": 5,
              "SpawnWeight": 2
            }
          },
          {
            "MonsterName": "bat",
            "Settings": {
              "SpawnWeight": 2
            }
          }
        ],
        "UniqueAreaID": "Farm monster area 2",
        "MapName": "Farm",
        "MinimumSpawnsPerDay": 2,
        "MaximumSpawnsPerDay": 3,
        "IncludeTerrainTypes": [
          "Dirt",
          "Diggable",
          "Grass"
        ],
        "ExcludeTerrainTypes": [],
        "IncludeCoordinates": [],
        "ExcludeCoordinates": [],
        "StrictTileChecking": "Maximum",
        "SpawnTiming": {
          "StartTime": 1900,
          "EndTime": 2550,
          "MinimumTimeBetweenSpawns": 10,
          "MaximumSimultaneousSpawns": 1,
          "OnlySpawnIfAPlayerIsPresent": true,
          "SpawnSound": ""
        },
        "ExtraConditions": {
          "Years": [],
          "Seasons": [],
          "Days": [],
          "WeatherYesterday": [],
          "WeatherToday": [],
          "WeatherTomorrow": [],
          "GameStateQueries": [],
          "CPConditions": {},
          "EPUPreconditions": [],
          "LimitedNumberOfSpawns": null
        },
        "DaysUntilSpawnsExpire": null
      }
    ],
    "CustomTileIndex": []
  },
  "QuarryTileIndex": [
    556,
    558,
    583,
    606,
    607,
    608,
    630,
    635,
    636,
    680,
    681,
    685
  ],
  "File_Conditions": {
    "FarmTypes": [],
    "FarmerNames": [],
    "SaveFileNames": [],
    "OtherMods": {}
  }
}